EXPERT_ID,NAME,ALIAS,CHANNEL_NAME,CHANNEL_URL,SUBSCRIBERS_EST,STANCE_GROUP,STANCE_BASE_SCORE,METHODOLOGY,CORE_THEME,KEYWORDS
EXP_01,김학렬,빠숑,스마트튜브 [스튜TV],https://www.youtube.com/@smarttubetv,520000,Strong Bull (영구 우상향/입지론),1.8,"현장 임장, 입지 분석, 일자리·학군 인프라 가치평가","서울 핵심지 불패, 신축 프리미엄, 똘똘한 한 채 집중","입지, 똘똘한 한 채, 서울 신축, 인프라, 갈아타기, 희소성, 우상향"
EXP_02,이상우,이상우 대표,이상우의 부동산 라이프 / 인베이드투자자문,https://www.youtube.com/@invaid,280000,Strong Bull (핵심지 공급부족론),1.9,"소득 분위별 구매력, 고소득 일자리 증가, 서울 순공급 감소 계량화","소득 증가율 상회하는 서울 아파트 가격, 규제로 인한 공급 부족이 폭등 초래","고소득, 서울 공급부족, 정비사업 규제, 강남3구, 마용성, 평당 1억"
EXP_03,정태익,부읽남,부읽남TV_내집마련부터건물주까지,https://www.youtube.com/@buiknam,1380000,Bull / Practical (실전투자/인플레이션 헷지),1.4,"화폐가치 하락(인플레이션), 대출 레버리지, 실거주 1채 필수론","무주택자는 벼락거지, 집은 살 수 있을 때 무조건 사야 한다","인플레이션, 화폐가치, 무주택, 내집마련, 레버리지, 갈아타기"
EXP_04,너나위 (김민규),너나위,월급쟁이부자들TV,https://www.youtube.com/@weolbu,1650000,Bull / Value (저평가 가치투자/전세가율 기반),1.2,"전세가율 및 매매가 갭 분석, 입지 급지별 저평가 단지 전수조사","잃지 않는 부동산 투자, 전세가가 받쳐주는 저평가 단지 분산 매수","전세가율, 저평가, 급지, 잃지않는투자, 갭투자, 실거주, 내집마련"
EXP_05,강승우,삼토시,삼토시의 부동산노트 (삼프로TV 고정),https://www.youtube.com/@3protv,350000,Cyclical Bull (데이터 입주물량 수급론),1.0,"서울/수도권 멸실량 대비 입주물량, 전세가율 사이클, 5~7년 중기 파동",2022년 일시 조정 후 2024~2026년 역사적 공급절벽에 따른 2차 대세상승,"입주물량, 멸실, 공급절벽, 사이클, 전세가율, 2024 대세상승"
EXP_06,박원갑,박원갑 수석위원,KB부동산 / 삼프로TV / 한국경제TV,https://www.youtube.com/@KB_RealEstate,450000,Moderate Data (거시경제/심리/제도 분석),0.2,"금리·대출 규제 스트레스 테스트, 베이비부머 자산 포트폴리오, 시장 심리지수","영끌 자제, 금리와 대출 한도가 결정하는 시장, 양극화와 프롭테크","금리, 대출규제, 패닉바잉 자제, 베이비부머, 분할매수, 양극화"
EXP_07,고종완,고종완 원장,한국자산관리연구원 / 고종완TV,https://www.youtube.com/@user-kjw,180000,Bull / Growth (슈퍼부동산/거점성장론),1.3,"도시계획 공간구조, 용산/강남 마스터플랜, 인구/인프라 결합 성장가치","살(Live) 집과 살(Buy) 집의 결합, 성장거점 중심 장기 보유","슈퍼부동산, 용산개발, 거점성장, 지가상승, 미래가치, 국토종합계획"
EXP_08,이광수,이광수 위원,광수네 복덕방,https://www.youtube.com/@kwangsoone,360000,Bear / Cyclical (거래량/가격괴리 분석),-1.2,"매도호가 vs 매수호가 괴리율, 거래량 급감 선행성, 가계부채 상환부담","2021년 영끌 경고 및 하락장 적중, 거래량 없는 반등은 가짜(데드캣), 바닥은 거래량 폭발 시점","거래량, 가격괴리, 영끌주의, 데드캣바운스, 매도물량, 가계부채, 바닥신호"
EXP_09,채상욱,채상욱 애널리스트,채상욱TV / 커넥티드그라운드,https://www.youtube.com/@chaesangwook,320000,Analyst / Swing (정책·원가·미분양 밸류에이션),-0.3,"건축 원가(공사비) 인상, 분양가 상한제 해제 효과, 정책금융(특례/신생아) 수급",2022 하락 적중 -> 2023 특례보금자리론 반등 포착 -> 2024 상급지 차별화 및 비아파트 붕괴 분석,"공사비, 분양가, 정책금융, 특례대출, 전세가율, 상급지 차별화, 정비사업"
EXP_10,한문도,한문도 교수,한문도TV,https://www.youtube.com/@hanmoondo,310000,Strong Bear (구조적 거품 붕괴론),-1.9,"PIR(소득대비 주택가격), HAI(주택구입부담지수), 전세사기/깡통전세 리스크, PF 부실","소득 대비 비정상적 거품, 30~50% 폭락 불가피, 건설사/금융권 연쇄 부실 경고","PIR, 주택부담지수, 30~50% 폭락, 깡통전세, 전세사기, 건설사부도, 영끌파산"
EXP_11,라이트하우스,라이트하우스,라이트하우스,https://www.youtube.com/@lighthouse_kr,610000,Strong Bear (영구 하락/폰지사기론),-2.0,"인구 감소 및 고령화, 가계부채 한계, 유동성 거품 붕괴, 실질소득 감소","부동산은 폰지사기, 2015년 이전 가격으로 대폭락, 영끌족의 최후","대폭락, 폰지사기, 인구절벽, 빚더미, 영끌의최후, 2015년회귀, 거품붕괴"
EXP_12,쇼킹부동산,쇼킹부동산,쇼킹부동산,https://www.youtube.com/@shocking_re,580000,Bear to Pragmatic (금리 하락론 & 줍줍/청약),-1.0,"기준금리와 전세가격 연동성, 역전세난 시차 분석, 3기 신도시 사전청약 타이밍","금리 3%대에서는 버틸 재간 없다, 역전세 폭풍, 폭락장에서 급매 및 분양 줍기","기준금리, 역전세, 줍줍, 3기 신도시, 급매물, 전세하락, 폭락기회"
EXP_13,선대인,선대인 소장,선대인TV,https://www.youtube.com/@sditv,420000,Strong Bear (인구구조/거품 붕괴론),-1.8,"인구학적 생산가능인구 감소, 베이비부머 은퇴 매물 출회, 주택보급률 포화","정해진 미래 부동산 대폭락, 일본식 장기 침체 진입, 부동산 자산 축소 필수","인구감소, 일본식 침체, 베이비부머 은퇴, 거품붕괴, 구조조정, 대세하락"
EXP_14,김기원,리치고 김기원,빅데이터 부동산 리치고,https://www.youtube.com/@richgo,260000,Data Bear / Cyclical (AI/빅데이터 지표 기반),-1.1,"소득 대비 저평가 인덱스, M2 통화량 대비 부동산 비율, 전세가율 및 거래량 복합 알고리즘","데이터가 가리키는 위험 신호, 2021년 극단적 버블 경고, 데이터상 무릎 이하에서만 매수","빅데이터, 리치고, 버블지수, 통화량, 무릎매수, AI예측, 고평가경고"
EXP_15,김경민,김경민 교수,서울대학교 환경대학원 / 삼프로TV 외,https://www.youtube.com/@3protv,400000,Data Scientist (계량경제학/금리 탄력성 모델),-0.5,"헤도닉 가격모형, 기준금리 1%p 변동 시 주택가격 탄력성 실증분석, 글로벌 도시 비교","금리 상승기 20% 내외 하락 정밀 예측, 자산가격의 수학적 밸류에이션","헤도닉 모형, 금리 탄력성, 계량분석, 적정가격, 글로벌 비교, 하락폭 계산"
EXP_16,박합수,박합수 교수,건국대학교 부동산대학원 / 경제방송,https://www.youtube.com/@sedaily,250000,Moderate Bull (도시계획/도심공급론),0.8,"서울 도심 정비사업(재개발/재건축) 인허가 및 이주 수요, 광역철도망 노선 분석","도심 공급 없이는 장기 우상향 불가피, 1기 신도시 특별법 수혜지 선별","재개발, 재건축, 1기 신도시, 도심공급, 인허가, GTX, 장기보유"
EXP_17,표영호,표영호,표영호TV,https://www.youtube.com/@pyoyounghotv,480000,Bear (PF위기/미분양/실물침체 경고),-1.4,"부동산 PF 연체율, 건설사 도산 현황, 지방 악성 미분양(준공후 미분양) 추적","PF 폭탄 폭발 위기, 지방 미분양의 수도권 전이, 무리한 분양가로 인한 시장 붕괴","PF부실, 미분양, 줄도산, 분양가폭탄, 건설위기, 거래절벽, 하락위험"
EXP_18,렘군 (김용호),렘군,렘군 TV,https://www.youtube.com/@remgun,370000,Cyclical Bull (전국 지역별 수급 사이클론),1.1,"지역별 매매-전세 10년 주기 사이클, 지방 광역시 순환매, 갭투자 타이밍","수도권과 지방의 시차를 이용한 순환 투자, 전세가율 상승 후 매매 전환 포착","지역 사이클, 순환매, 전세가율, 지방 대도시, 갭투자, 타이밍, 수급차트"
EXP_19,함영진,함영진 랩장,우리은행 자산관리컨설팅센터 / 전 직방TV,https://www.youtube.com/@wooribank,300000,Data Neutral (공공/빅데이터 팩트 기반),0.0,"한국부동산원/국토부 실거래 데이터, 청약 경쟁률, 입주물량 실시간 트래킹","데이터 기반의 객관적 시장 진단, 청약 시장 양극화 및 거래량 동향 팩트 체크","실거래가, 청약경쟁률, 미분양, 거래량, 분양가, 통계분석, 팩트체크"
EXP_20,김인만,김인만 소장,김인만부동산연구소 / 김인만의 부동산TV,https://www.youtube.com/@kiminman,210000,Moderate / Pragmatic (정책영향/실용 사이클),0.1,"정부 정책의 풍선효과 및 역작용 분석, 실수요자 맞춤형 자금계획 및 출구전략","상승과 하락의 사이클 인정, 묻지마 영끌 경계 및 정책 완화기 급매 선별","정책효과, 풍선효과, 사이클, 출구전략, 실수요, 무주택전략, 세금전략"
